<Configuration>
  <Add OfficeClientEdition="64"  Channel="PerpetualVL2024">

     <Product ID="ProPlus2024Volume" PIDKEY="Y63J7-9RNDJ-GD3BV-BDKBP-HH966" >
         <Language ID="en-us" />
	 <ExcludeApp ID="Outlook" />
        <ExcludeApp ID="OneNote" />
         <ExcludeApp ID="Access" />
         <ExcludeApp ID="Publisher" />
         <ExcludeApp ID="OneDrive" />
         <ExcludeApp ID="Groove" />
  <!-- <ExcludeApp ID="Word" />       -->
  <!-- <ExcludeApp ID="Excel" />      -->
  <!-- <ExcludeApp ID="PowerPoint" />	-->
        <ExcludeApp ID="Teams" />
        <ExcludeApp ID="Lync" />
    </Product>
    
    <Product ID="VisioPro2024Volume" PIDKEY="3HYNG-BB9J3-MVPP7-2W3D8-CPVG7">
        <Language ID="en-us" />
    </Product>
    
  </Add>

  <RemoveMSI />
  <Property Name="AUTOACTIVATE" Value="1" />
</Configuration>