
<Configuration>
  <Add OfficeClientEdition="64" Channel="PerpetualVL2019">

    <Product ID="ProPlus2019Volume">
      <Language ID="en-us" />


      <ExcludeApp ID="Outlook" />
      <ExcludeApp ID="Access" />
      <ExcludeApp ID="Publisher" />
      <ExcludeApp ID="OneNote" />
      <ExcludeApp ID="OneDrive" />
      <ExcludeApp ID="Groove" />
      <ExcludeApp ID="Lync" />
    </Product>


    <Product ID="VisioPro2019Volume">
      <Language ID="en-us" />
    </Product>




  </Add>
  <AppSettings>
    <Setup Name="Company" Value="Abs_Sayem" />
  </AppSettings>
  <Display Level="Full" AcceptEULA="TRUE" />
  <Logging Level="Off" />
</Configuration>